0.0,0.0,0.0,1.0,0.0,0.0,0.0,0.0,0.0,0.0,0.0,0.0,0.0,0.0,0.0,0.0,0.0,0.0,0.0,0.0,0.0,0.0,0.0,0.0,0.0,0.0,0.0,0.0,0.0,0.0,0.0,0.0,0.0,0.0,0.0,0.0,0.0,0.0,0.0,0.0
0.26040054090870296,-0.3612528430768672,0.12712326900977197,0.886299958332169,-2139921.799090067,-4381929.286605269,4099343.1458142637,0.703369140625,0.014892578125,0.030029296875,0.010986328125,0.019775390625,0.00537109375,248.16155410828193,418.38483444172357,-137.40284382256922,-0.7287499764140526,0.6282890792560417,0.2723532719908339,105.0,78.0,-614.0,0.16725662406949504,0.12424777788019632,-0.9780530207492377,0.9993991511879925,0.027642955245625322,0.020909414865280692,0.07661995416255106,0.1265363707695889,-0.3728023282259888,0.01,0.01,0.01,0.0,0.0,0.0,-0.03892424388682028,-0.05841890850578631,0.10362150184198168
0.1990201308700298,-0.5099238722875091,0.3331900107798147,0.7676933298501004,-2139921.799090067,-4381929.286605269,4099343.1458142637,0.70654296875,0.01513671875,0.030517578125,0.0107421875,0.019775390625,0.005126953125,248.16155410828193,418.38483444172357,-137.40284382256922,-0.7287499764140526,0.6282890792560417,0.2723532719908339,109.0,75.0,-617.0,0.1727343049156051,0.11885387952908608,-0.977771248925948,0.9993671401643809,0.028583594051311743,0.02117303263060129,0.10157816246606999,0.12566370614359174,-0.37070793312359557,0.01,0.01,0.01,0.0,0.0,0.0,-0.026320742830716844,-0.1037577177717104,0.24579204055803797
-0.000916030617392364,-0.5982356378471131,0.6100405642180706,0.5195804004252506,-2139921.799090067,-4381929.286605269,4099343.1458142637,0.70654296875,0.01513671875,0.030517578125,0.0107421875,0.019775390625,0.005126953125,248.16155410828193,418.38483444172357,-137.40284382256922,-0.7287499764140526,0.6282890792560417,0.2723532719908339,109.0,75.0,-617.0,0.1727343049156051,0.11885387952908608,-0.977771248925948,0.9993671401643809,0.028583594051311743,0.02117303263060129,0.10157816246606999,0.12566370614359174,-0.37070793312359557,0.01,0.01,0.01,0.0,0.0,0.0,-0.05370141613764711,-0.13568878440871193,0.4932908040059518
-0.13534190449807482,-0.6046547224870383,0.7066607608228372,0.34162231275817667,-2139921.799090067,-4381929.286605269,4099343.1458142637,0.70361328125,0.01513671875,0.031005859375,0.010498046875,0.019775390625,0.005126953125,248.16155410828193,418.38483444172357,-137.40284382256922,-0.7287499764140526,0.6282890792560417,0.2723532719908339,133.0,79.0,-614.0,0.2100484738422149,0.12476563483860885,-0.9696974657076687,0.9993306861525273,0.0297672970343306,0.021262355024521857,0.0947713783832921,0.033510321638291124,-0.3635520831904188,0.01,0.01,0.01,0.0,0.0,0.0,-0.08856655236325175,-0.15815097150387444,0.6531575676054092
-0.20517908072016874,-0.6036323770672357,0.730172475381204,0.2457186488377921,-2139921.799090067,-4381929.286605269,4099343.1458142637,0.70703125,0.014892578125,0.031494140625,0.0107421875,0.019775390625,0.005126953125,248.16155410828193,418.38483444172357,-137.40284382256922,-0.7287499764140526,0.6282890792560417,0.2723532719908339,133.0,79.0,-614.0,0.2100484738422149,0.12476563483860885,-0.9696974657076687,0.9993272505463028,0.029962192697155464,0.02114978308034503,0.0958185759344887,0.03298672286269283,-0.36459928074161546,0.01,0.01,0.01,0.0,0.0,0.0,-0.11452998138289336,-0.17875275521362147,0.7391556709990118
-0.2458067412978193,-0.602238800060372,0.7338759642253752,0.19573845500224546,-2139921.799090067,-4381929.286605269,4099343.1458142637,0.7060546875,0.014892578125,0.03173828125,0.010498046875,0.019775390625,0.005126953125,248.16155410828193,418.38483444172357,-137.40284382256922,-0.7287499764140526,0.6282890792560417,0.2723532719908339,144.0,82.0,-612.0,0.22711577730911464,0.12932981763435694,-0.9652420535637372,0.9993039331912216,0.03070979943046142,0.021179172021007876,0.08569566627292158,-0.02530727415391778,-0.3605850234620285,0.01,0.01,0.01,0.0,0.0,0.0,-0.13473857354543153,-0.19338101940560498,0.7855099790345541
-0.26327007715013945,-0.6007154589337316,0.7350662923775297,0.1717770348031073,-2139921.799090067,-4381929.286605269,4099343.1458142637,0.705322265625,0.01513671875,0.04052734375,0.010498046875,0.019775390625,0.00537109375,248.16155410828193,418.38483444172357,-137.40284382256922,-0.7287499764140526,0.6282890792560417,0.2723532719908339,132.0,82.0,-610.0,0.20969611749066402,0.13026576995632158,-0.9690502399189777,0.9988377298198903,0.043458450926015746,0.020845923614918122,0.08115781021773633,-0.06963863715457375,-0.3609340893124273,0.01,0.01,0.01,0.0,0.0,0.0,-0.1436292503478321,-0.2003581160244303,0.8079793151487982
-0.2693905792915577,-0.6009508577133533,0.7335011206628594,0.16811569941225987,-2139921.799090067,-4381929.286605269,4099343.1458142637,0.70458984375,0.01513671875,0.06884765625,0.01025390625,0.02001953125,0.00537109375,248.16155410828193,418.38483444172357,-137.40284382256922,-0.7287499764140526,0.6282890792560417,0.2723532719908339,145.0,81.0,-609.0,0.22970572651206808,0.1283183713619139,-0.964764051350686,0.9961849414507797,0.08466160975502378,0.021165402438755945,0.049567350756638956,-0.11397000015522972,-0.3586651612848347,0.01,0.01,0.01,0.0,0.0,0.0,-0.14815179324954025,-0.2026025998439078,0.8117046225409358
-0.2641848216042082,-0.6035480003290556,0.7310428786707653,0.17751760723238527,-2139921.799090067,-4381929.286605269,4099343.1458142637,0.703369140625,0.014892578125,0.112548828125,0.010498046875,0.02001953125,0.00537109375,248.16155410828193,418.38483444172357,-137.40284382256922,-0.7287499764140526,0.6282890792560417,0.2723532719908339,145.0,84.0,-614.0,0.22782386208152663,0.13198072010240164,-0.9647162159866025,0.9889731451246843,0.146592473284439,0.021041981811163495,0.015009831567151233,-0.1466076571675237,-0.3609340893124273,0.01,0.01,0.01,0.0,0.0,0.0,-0.14617047205640776,-0.20202317515994106,0.8022213476042745
-0.2513867266717676,-0.6075413949618691,0.7275559241741574,0.1958584801843614,-2139921.799090067,-4381929.286605269,4099343.1458142637,0.7021484375,0.015380859375,0.16064453125,0.010498046875,0.020263671875,0.005615234375,248.16155410828193,418.38483444172357,-137.40284382256922,-0.7287499764140526,0.6282890792560417,0.2723532719908339,145.0,85.0,-615.0,0.22743174437989555,0.1333220570502836,-0.9646242951285224,0.9767129135128491,0.2135365950268049,0.020832838539200475,-0.013962634015954637,-0.1715658654710426,-0.3586651612848347,0.01,0.01,0.01,0.0,0.0,0.0,-0.14010623750617493,-0.19955868213324865,0.7839382644008449
-0.23374080715279374,-0.6122417995910567,0.7228724818102903,0.21904471905639797,-2139921.799090067,-4381929.286605269,4099343.1458142637,0.70068359375,0.015380859375,0.202392578125,0.010498046875,0.020263671875,0.005615234375,248.16155410828193,418.38483444172357,-137.40284382256922,-0.7287499764140526,0.6282890792560417,0.2723532719908339,139.0,88.0,-612.0,0.219337597373154,0.13886121272545002,-0.9657166157724478,0.9627565295675917,0.269585547645218,0.02057904943856626,-0.03560471674068432,-0.17558012275062956,-0.3551745027808461,0.01,0.01,0.01,0.0,0.0,0.0,-0.1316567592760827,-0.19631975740461374,0.760935632810466
-0.21448812597880662,-0.6165545517924617,0.7167560080697241,0.2451859567227491,-2139921.799090067,-4381929.286605269,4099343.1458142637,0.698974609375,0.015380859375,0.236328125,0.010498046875,0.0205078125,0.005615234375,248.16155410828193,418.38483444172357,-137.40284382256922,-0.7287499764140526,0.6282890792560417,0.2723532719908339,141.0,90.0,-615.0,0.22123098126880858,0.14121126463966505,-0.9649436417043779,0.9493245872500744,0.313616158287971,0.020681714222233766,-0.041713369122664476,-0.15446163880149816,-0.3628539514896211,0.01,0.01,0.01,0.0,0.0,0.0,-0.12322068311627617,-0.1924505388701807,0.7357002773010048
-0.19482402338867658,-0.6202692237538698,0.7093920607520724,0.272162808106376,-2139921.799090067,-4381929.286605269,4099343.1458142637,0.697021484375,0.015625,0.265625,0.01025390625,0.0205078125,0.005859375,248.16155410828193,418.38483444172357,-137.40284382256922,-0.7287499764140526,0.6282890792560417,0.2723532719908339,141.0,91.0,-612.0,0.22219028320116727,0.14339940263337744,-0.9644003781497473,0.9362084275180972,0.35086851135217834,0.020126300842381165,-0.05497787143782138,-0.13002702927357757,-0.3609340893124273,0.01,0.01,0.01,0.0,0.0,0.0,-0.1152657602724062,-0.1884811437216149,0.7101548282986152
-0.17587551060895165,-0.6237910523373693,0.7004585935544825,0.29884826669658676,-2139921.799090067,-4381929.286605269,4099343.1458142637,0.6953125,0.015869140625,0.291015625,0.01025390625,0.020751953125,0.005859375,248.16155410828193,418.38483444172357,-137.40284382256922,-0.7287499764140526,0.6282890792560417,0.2723532719908339,142.0,102.0,-626.0,0.2184760178253655,0.15693347759286816,-0.9631407546385831,0.9240132566661068,0.381823659779383,0.020253254996993358,-0.05759586531581287,-0.08587019919812101,-0.36320301734002,0.01,0.01,0.01,0.0,0.0,0.0,-0.10837841955757363,-0.18514738810511808,0.6851348805555338
-0.15761957731923945,-0.6259210596428199,0.691284899352394,0.3248139219132462,-2139921.799090067,-4381929.286605269,4099343.1458142637,0.693359375,0.015869140625,0.314208984375,0.010498046875,0.020751953125,0.005859375,248.16155410828193,418.38483444172357,-137.40284382256922,-0.7287499764140526,0.6282890792560417,0.2723532719908339,140.0,102.0,-621.0,0.2171534609301827,0.1582118072491331,-0.9632307088403105,0.9123215740378791,0.40898307679391765,0.020054636402274097,-0.05061454830783556,-0.03822271061867582,-0.3672172746196069,0.01,0.01,0.01,0.0,0.0,0.0,-0.10220152106107247,-0.1813617495593319,0.6614178762682192
-0.14111132380377395,-0.6281405419581793,0.6805904412530741,0.3497480594910817,-2139921.799090067,-4381929.286605269,4099343.1458142637,0.691650390625,0.01611328125,0.337646484375,0.010498046875,0.020751953125,0.005859375,248.16155410828193,418.38483444172357,-137.40284382256922,-0.7287499764140526,0.6282890792560417,0.2723532719908339,140.0,116.0,-618.0,0.21732738406530405,0.18007126108268048,-0.9593451668025564,0.8998381121066579,0.4357727033693248,0.01983741410860359,-0.04014257279586958,0.011519173063162575,-0.3689626038716013,0.01,0.01,0.01,0.0,0.0,0.0,-0.09747964351136529,-0.17856435614575072,0.6387527501351252
-0.1256294396047721,-0.6287311420087123,0.6701674622187654,0.3738849656729607,-2139921.799090067,-4381929.286605269,4099343.1458142637,0.689453125,0.016357421875,0.3603515625,0.010498046875,0.02099609375,0.005859375,248.16155410828193,418.38483444172357,-137.40284382256922,-0.7287499764140526,0.6282890792560417,0.2723532719908339,143.0,119.0,-616.0,0.22222926607620228,0.1849320465948816,-0.9572953000205636,0.8871245071958627,0.46109880987002944,0.019949843832478595,-0.006981317007977318,0.06649704450098395,-0.37158059774959273,0.01,0.01,0.01,0.0,0.0,0.0,-0.09345765757901729,-0.17504271922498746,0.6175200347996146
-0.11092953210001628,-0.6273651486259382,0.660628639406681,0.39708614933450337,-2139921.799090067,-4381929.286605269,4099343.1458142637,0.6875,0.016845703125,0.38232421875,0.01025390625,0.02099609375,0.005615234375,248.16155410828193,418.38483444172357,-137.40284382256922,-0.7287499764140526,0.6282890792560417,0.2723532719908339,149.0,116.0,-617.0,0.2309186820455797,0.17977561823682714,-0.9562203142424339,0.8742666268197591,0.48503179442057254,0.02005052693470871,0.010297442586766544,0.10838494654884787,-0.37053340019839615,0.01,0.01,0.01,0.0,0.0,0.0,-0.08981848144544732,-0.17048844084681153,0.5978814296753188
-0.09779284381282988,-0.625057679887651,0.6510764216971773,0.4193315509503973,-2139921.799090067,-4381929.286605269,4099343.1458142637,0.685791015625,0.01708984375,0.403564453125,0.01025390625,0.020751953125,0.005615234375,248.16155410828193,418.38483444172357,-137.40284382256922,-0.7287499764140526,0.6282890792560417,0.2723532719908339,164.0,122.0,-617.0,0.2523169490756259,0.18769919382455097,-0.9492655949979341,0.8617944610948255,0.5068823938750507,0.01950757816278904,0.028274333882308142,0.12618730491919003,-0.3726277953007894,0.01,0.01,0.01,0.0,0.0,0.0,-0.08713182079697089,-0.16582442035397113,0.5795454281204465
-0.08461398221937294,-0.622404699312861,0.6420460719519328,0.43957900970967667,-2139921.799090067,-4381929.286605269,4099343.1458142637,0.68359375,0.01708984375,0.422119140625,0.01025390625,0.020751953125,0.005615234375,248.16155410828193,418.38483444172357,-137.40284382256922,-0.7287499764140526,0.6282890792560417,0.2723532719908339,159.0,125.0,-618.0,0.2445199102719551,0.19223263386159992,-0.95039814181175,0.8505245347594881,0.5255805458385555,0.019315941815050645,0.04328416544945937,0.13212142437597074,-0.3741985916275843,0.01,0.01,0.01,-4096.0,3855.9712937111976,-4096.0,-0.11049292265954726,-0.3443680782168904,0.11127852139999757
-0.07191752473714592,-0.618786326873932,0.6339978012111067,0.4582337169709701,-2139921.799090067,-4381929.286605269,4099343.1458142637,0.680908203125,0.017578125,0.43994140625,0.01025390625,0.020751953125,0.005615234375,248.16155410828193,418.38483444172357,-137.40284382256922,-0.7287499764140526,0.6282890792560417,0.2723532719908339,164.0,124.0,-616.0,0.25253851938100663,0.19094375855637089,-0.9485593166993908,0.8391426696130356,0.5435741989396182,0.01914863655355473,0.06736970912698112,0.12531464029319286,-0.364424747816416,0.01,0.01,0.01,-4096.0,2748.4611333478324,-4096.0,-0.10572167016206922,-0.33265027146694487,0.10579874292781423
-0.06018297039901014,-0.6143669711724411,0.6265292403752778,0.4758070467754026,-2139925.4836341646,-4381936.831706926,4099350.2518381737,0.6787109375,0.01806640625,0.456787109375,0.01025390625,0.020751953125,0.005615234375,248.16010823537323,418.3826053380518,-137.40210028957742,-0.7287499764140526,0.6282890792560417,0.2723532719908339,178.0,125.0,-609.0,0.27525370952189193,0.1932961443271713,-0.9417388151619785,0.8283514381553941,0.5598872063511515,0.018979227333937337,0.08866272600131195,0.1069886831472524,-0.36529741244241315,0.01,0.01,0.01,-4096.0,3142.9557725684595,-4096.0,-0.10163563711143729,-0.32144145711436156,0.10092183791057091
-0.04799850453104472,-0.6091298274816146,0.620430575372529,0.4916532293984394,-2139925.4836341646,-4381936.831706926,4099350.2518381737,0.676025390625,0.018310546875,0.472412109375,0.01025390625,0.020751953125,0.005615234375,248.16010823537323,418.3826053380518,-137.40210028957742,-0.7287499764140526,0.6282890792560417,0.2723532719908339,180.0,114.0,-609.0,0.2789852849604845,0.17669068047497352,-0.9439002141163059,0.8180582613735621,0.5748271302079261,0.018826879066503655,0.09023352232810683,0.0661479786505851,-0.3649483465920143,0.01,0.01,0.01,-4096.0,4096.0,-4096.0,-0.0975735149871277,-0.31065962389890817,0.09735356532647144
-0.035559085506310255,-0.6037461523901375,0.6151063230722636,0.5058362840174473,-2139925.4836341646,-4381936.831706926,4099350.2518381737,0.673583984375,0.0185546875,0.48681640625,0.010009765625,0.020751953125,0.005615234375,248.16010823537323,418.3826053380518,-137.40210028957742,-0.7287499764140526,0.6282890792560417,0.2723532719908339,191.0,110.0,-642.0,0.28138636665443406,0.16205497556014528,-0.9458117664510297,0.8083473621068795,0.5884093917982615,0.018679663231690843,0.07766715171374766,0.011868238913561441,-0.37053340019839615,0.01,0.01,0.01,-4096.0,4096.0,-4096.0,-0.09340466035678056,-0.30051710383295416,0.09462685971053936
-0.02087943802816006,-0.5949216489185837,0.613912573729562,0.5184048924656928,-2139925.4836341646,-4381936.831706926,4099350.2518381737,0.67041015625,0.018798828125,0.49951171875,0.01025390625,0.0205078125,0.005615234375,248.16010823537323,418.3826053380518,-137.40210028957742,-0.7287499764140526,0.6282890792560417,0.2723532719908339,189.0,55.0,-671.0,0.2702795253183372,0.07865277191803464,-0.9595638174000226,0.7995427717184656,0.6003311032310996,0.018273551545457626,0.06963863715457375,-0.03735004599267865,-0.3672172746196069,0.01,6.502624817418905,0.01,-4096.0,4096.0,-4096.0,-0.08933621679164797,-0.28950411317068997,0.09509705910984244
-0.005230839326028975,-0.5824483859928548,0.6158693778810803,0.5305011077864351,-2139925.4836341646,-4381936.831706926,4099350.2518381737,0.6669921875,0.018798828125,0.511474609375,0.01025390625,0.0205078125,0.005615234375,248.16010823537323,418.3826053380518,-137.40210028957742,-0.7287499764140526,0.6282890792560417,0.2723532719908339,185.0,-2.0,-629.0,0.28216501119009674,-0.003050432553406451,-0.9593610380463289,0.7909511868990314,0.6116093358582718,0.018172513145326145,0.06771877497737998,-0.07609635538695278,-0.37594392087957856,-5.644866776461628,6.502624817418905,0.01,-4096.0,4096.0,-4096.0,-0.08599204246904235,-0.2773801164009581,0.09785170755852883
0.006074634968181475,-0.5682542519114537,0.6170613852246146,0.5443210916905914,-2139925.4836341646,-4381936.831706926,4099350.2518381737,0.663330078125,0.01904296875,0.522705078125,0.01025390625,0.0205078125,0.005859375,248.16010823537323,418.3826053380518,-137.40210028957742,-0.7287499764140526,0.6282890792560417,0.2723532719908339,180.0,2.0,-418.0,0.395506020880371,0.0043945113431152335,-0.9184528707110837,0.7825067378631377,0.6223878904034582,0.017790983051075508,0.05113814708343386,-0.11955505376161157,-0.3741985916275843,-5.644866776461628,6.502624817418905,0.01,-4096.0,4096.0,-1614.7595486904493,-0.08515847831435562,-0.26506002983387456,0.09948396402767065
0.010156419751112108,-0.5626608276226107,0.6094853010346138,0.5584239500770216,-2139925.4836341646,-4381936.831706926,4099350.2518381737,0.658935546875,0.01904296875,0.53369140625,0.01025390625,0.020751953125,0.005859375,248.16010823537323,418.3826053380518,-137.40210028957742,-0.7287499764140526,0.6282890792560417,0.2723532719908339,222.0,95.0,-414.0,0.4631991461444209,0.1982158508275675,-0.8638038130801363,0.7738975231220416,0.6330546698106284,0.018011350213828516,0.023736477827122883,-0.15097098029750952,-0.3673918075448064,-5.644866776461628,6.502624817418905,-5.644866776461628,-4096.0,4096.0,1092.3001858751302,-0.0847916483479516,-0.25696578911019263,0.09460016550846916
0.02043550480440686,-0.5610733900434975,0.6031003399946039,0.5666118786496445,-2139925.4836341646,-4381936.831706926,4099350.2518381737,0.654296875,0.019287109375,0.543701171875,0.01025390625,0.0205078125,0.006103515625,248.16010823537323,418.3826053380518,-137.40210028957742,-0.7287499764140526,0.6282890792560417,0.2723532719908339,194.0,94.0,-675.0,0.2737839069583653,0.13265818172209454,-0.9525986453448277,0.7655662051906623,0.6431227060136859,0.01736578473904232,0.0019198621771937625,-0.1731366617978375,-0.3797836452339661,-5.644866776461628,17.079320084504545,-5.644866776461628,-4096.0,4096.0,4096.0,-0.08025439412794612,-0.2510698027433047,0.09183652981926649
0.03261856705060911,-0.550983402583767,0.6035207123778804,0.5754268579860304,-2139925.4836341646,-4381936.831706926,4099350.2518381737,0.64990234375,0.019287109375,0.552734375,0.010498046875,0.020751953125,0.00634765625,248.16010823537323,418.3826053380518,-137.40210028957742,-0.7287499764140526,0.6282890792560417,0.2723532719908339,152.0,-15.0,-466.0,0.3099556744368454,-0.030587731029951853,-0.9502588439971709,0.7581266429568851,0.6518773805680379,0.01731686873188394,-0.011868238913561441,-0.16912240451825053,-0.3848451000647497,-18.106517635701138,17.079320084504545,-5.644866776461628,-4096.0,4096.0,4096.0,-0.07757645818716015,-0.24188424873441644,0.09366825490301642
0.037236324761784,-0.5544717310668187,0.5919441951786677,0.5837607603807229,-2139925.4836341646,-4381936.831706926,4099350.2518381737,0.644775390625,0.01953125,0.561767578125,0.0107421875,0.020751953125,0.0068359375,248.16010823537323,418.3826053380518,-137.40210028957742,-0.7287499764140526,0.6282890792560417,0.2723532719908339,206.0,186.0,-631.0,0.2988355104178416,0.2698223540665949,-0.9153650828818353,0.7501264082958802,0.6610836796266308,0.01669551162548425,-0.021467549799530253,-0.15166911199830724,-0.38501963298994907,-18.106517635701138,28.9126524130261,-22.29530784048753,-4096.0,4096.0,4096.0,-0.07400710925881691,-0.23876408171552732,0.086918408250599
0.04427474267464313,-0.5397032181969628,0.5933180791985709,0.5955953662723158,-2139925.4836341646,-4381936.831706926,4099350.2518381737,0.6396484375,0.01953125,0.57080078125,0.0107421875,0.020751953125,0.0078125,248.16010823537323,418.3826053380518,-137.40210028957742,-0.7287499764140526,0.6282890792560417,0.2723532719908339,218.0,-10.0,-426.0,0.455453400566181,-0.020892357824136742,-0.8900144433082253,0.7420418068430512,0.6701747657078581,0.015483549512866816,-0.02949606435870417,-0.1153662635568252,-0.39147735122232813,-27.636015351590178,28.9126524130261,-22.29530784048753,-4096.0,4096.0,4096.0,-0.07512815505940908,-0.22813930724152312,0.0885333472647935
0.04824663589502377,-0.5431947818709132,0.5820284299598942,0.6032036122168406,-2139925.4836341646,-4381936.831706926,4099350.2518381737,0.633544921875,0.02001953125,0.577880859375,0.0107421875,0.02099609375,0.008544921875,248.16010823537323,418.3826053380518,-137.40210028957742,-0.7287499764140526,0.6282890792560417,0.2723532719908339,175.0,177.0,-601.0,0.26902231789721975,0.272096858673188,-0.9238995031784519,0.7342400054101064,0.6787264355621476,0.014901010853925756,-0.033510321638291124,-0.0783652834145454,-0.39566614142711454,-27.636015351590178,37.604392087957855,-30.35872898470133,-4096.0,-1722.8139968190828,4096.0,-0.071844867044613,-0.2254438522519701,0.08202644488049171
0.05087311404662284,-0.5379482109867987,0.5757596681480591,0.6136158840001934,-2139925.4836341646,-4381936.831706926,4099350.2518381737,0.62841796875,0.020263671875,0.585693359375,0.0107421875,0.02099609375,0.009521484375,248.16010823537323,418.3826053380518,-137.40210028957742,-0.7287499764140526,0.6282890792560417,0.2723532719908339,206.0,100.0,-461.0,0.40020224584726205,0.19427293487731168,-0.8955982297844068,0.7265968983295785,0.6869272162048002,0.013709375440180726,-0.0317649923862968,-0.028623399732707003,-0.40020399748229973,-34.23335992412875,43.36397861953914,-30.35872898470133,-4096.0,-4096.0,4096.0,-0.0719076853974012,-0.21927605754248558,0.07839068576546301
0.056483953638662314,-0.534067328230452,0.5707587570858813,0.621140960739116,-2139925.4836341646,-4381936.831706926,4099350.2518381737,0.62255859375,0.020751953125,0.5927734375,0.010986328125,0.02099609375,0.010009765625,248.16010823537323,418.3826053380518,-137.40210028957742,-0.7287499764140526,0.6282890792560417,0.2723532719908339,190.0,89.0,-645.0,0.28012571075890624,0.13121678030285608,-0.9509530707341817,0.7189021644315,0.6949873662637991,0.013123974604226167,-0.025132741228718343,0.015184364492350668,-0.3939208121751202,-39.88822670059037,49.96132319207771,-33.60504139341079,-4096.0,-4096.0,4096.0,-0.07019887733495433,-0.21399082552033494,0.07615169859557715
0.05924359180700928,-0.5312313320018627,0.5638905689409647,0.6295322827216777,-2139925.4836341646,-4381936.831706926,4099350.2518381737,0.6171875,0.02099609375,0.598876953125,0.01123046875,0.02099609375,0.01025390625,248.16010823537323,418.3826053380518,-137.40210028957742,-0.7287499764140526,0.6282890792560417,0.2723532719908339,198.0,138.0,-574.0,0.31798296019063405,0.22162448740559343,-0.9218293896435553,0.71213348359986,0.7019268202395016,0.012831233938736215,-0.013264502315156905,0.05899212871740834,-0.3907792195215304,-39.88822670059037,50.38020221255635,-33.60504139341079,-4096.0,-4096.0,4096.0,-0.06943059750302305,-0.2093073368916908,0.0723353874559344
0.06216893759067924,-0.5232965862320312,0.560551554867256,0.6388095650290861,-2139925.4836341646,-4381936.831706926,4099350.2518381737,0.61083984375,0.02099609375,0.60498046875,0.01123046875,0.02099609375,0.010498046875,248.16010823537323,418.3826053380518,-137.40210028957742,-0.7287499764140526,0.6282890792560417,0.2723532719908339,193.0,76.0,-467.0,0.3776958649223417,0.14872997789688067,-0.9139065747084641,0.7047138198384026,0.7093807987777299,0.012542505899441768,0.003141592653589793,0.09459684545809266,-0.38885935734433663,-44.4958959258554,50.38020221255635,-26.06521902479528,-4096.0,-4096.0,4096.0,-0.07016075656382771,-0.20270135599336617,0.07073801438850434
0.06488406892816033,-0.5165967226893212,0.5565084527508681,0.6474690924845857,-2139925.4836341646,-4381936.831706926,4099350.2518381737,0.6044921875,0.021240234375,0.6103515625,0.01123046875,0.02099609375,0.0107421875,248.16010823537323,418.3826053380518,-137.40210028957742,-0.7287499764140526,0.6282890792560417,0.2723532719908339,197.0,96.0,-490.0,0.36700818907210636,0.17884663020772695,-0.9128630083519397,0.6975011239505278,0.7164787602237737,0.012262472668866542,0.019198621771937627,0.11152653920243766,-0.38589229761594623,-49.10356515112043,45.66781323217165,-26.06521902479528,-4096.0,-4096.0,4096.0,-0.0705777968007865,-0.19675289915388697,0.06873835581995702
0.06927471758707278,-0.511359015869943,0.5528798543992706,0.6542452422381045,-2139925.4836341646,-4381936.831706926,4099350.2518381737,0.59814453125,0.021728515625,0.615478515625,0.01123046875,0.020751953125,0.01123046875,248.16010823537323,418.3826053380518,-137.40210028957742,-0.7287499764140526,0.6282890792560417,0.2723532719908339,185.0,92.0,-565.0,0.30751693450737677,0.15292734040366845,-0.939173340522529,0.6902013922328535,0.7235275077409201,0.01140103951591753,0.032812189937493394,0.10855947947404729,-0.37768925013157295,-52.768756580308526,38.12799086355616,-26.06521902479528,-4096.0,-4096.0,4096.0,-0.06980557194938042,-0.19161395152846378,0.06732309952473546
0.07482038004729688,-0.5072323688715825,0.5494699175584574,0.6596969337482196,-2139925.4836341646,-4381936.831706926,4099350.2518381737,0.591064453125,0.02197265625,0.61962890625,0.010986328125,0.020751953125,0.01123046875,248.16010823537323,418.3826053380518,-137.40210028957742,-0.7287499764140526,0.6282890792560417,0.2723532719908339,167.0,85.0,-590.0,0.26977132669306464,0.13730875909527243,-0.9530843278377733,0.6829310663581373,0.7303934570702858,0.011426131097369091,0.04729842272904633,0.09337511498169662,-0.3754203221039803,-56.74810727485559,38.12799086355616,-26.06521902479528,-4096.0,-4096.0,4096.0,-0.06818770280827383,-0.1870742837800134,0.06626894256314232
0.07828280791112813,-0.5013819590031513,0.546237811581649,0.6664174265204974,-2139925.4836341646,-4381936.831706926,4099350.2518381737,0.583740234375,0.02197265625,0.624267578125,0.01123046875,0.020751953125,0.01171875,248.16010823537323,418.3826053380518,-137.40210028957742,-0.7287499764140526,0.6282890792560417,0.2723532719908339,220.0,110.0,-545.0,0.3679336198161397,0.18396680990806985,-0.9114719218172552,0.6755650942676726,0.7372203179948397,0.010863063228119899,0.05899212871740834,0.07766715171374766,-0.3665191429188092,-59.78498017332573,38.12799086355616,-13.81300767579509,-4096.0,-4096.0,4096.0,-0.06800577854711976,-0.18196941393263383,0.06500388232856324
0.0829130043557762,-0.49705644716182384,0.5429581152006714,0.6717565088492248,-2139925.4836341646,-4381936.831706926,4099350.2518381737,0.5751953125,0.0224609375,0.628662109375,0.011474609375,0.0205078125,0.011962890625,248.16010823537323,418.3826053380518,-137.40210028957742,-0.7287499764140526,0.6282890792560417,0.2723532719908339,228.0,119.0,-625.0,0.3373541529414799,0.1760751938598075,-0.9247646736334427,0.6671038500267122,0.7448933449061521,0.010313001215077265,0.06754424205218056,0.039968039870670144,-0.3609340893124273,-63.345451847394166,29.9598499642227,-13.81300767579509,-4096.0,-4096.0,4096.0,-0.0668514726814359,-0.1776071350575506,0.06392989690295188
0.08757318955735614,-0.49579193663449406,0.53810817966117,0.6759888157512012,-2139926.1535512726,-4381938.20354359,4099351.5438425206,0.56591796875,0.0224609375,0.6328125,0.01123046875,0.0205078125,0.012451171875,248.15984535064808,418.3822000481896,-137.40196510229973,-0.7287499764140526,0.6282890792560417,0.2723532719908339,192.0,145.0,-572.0,0.3094066862149311,0.23366650781856776,-0.9217740860153156,0.6581801484045734,0.7527972407178992,0.009757387644811735,0.07208209810736581,-0.003839724354387525,-0.35150931135165797,-66.06816548050531,29.9598499642227,-13.81300767579509,-4096.0,-4096.0,4096.0,-0.06476906094597877,-0.17458764009278813,0.061922065422446666
0.09291145136825132,-0.48998630818848077,0.5367349073532137,0.6805854238969604,-2139926.1535512726,-4381938.20354359,4099351.5438425206,0.55615234375,0.02294921875,0.63671875,0.011474609375,0.020263671875,0.012939453125,248.15984535064808,418.3822000481896,-137.40196510229973,-0.7287499764140526,0.6282890792560417,0.2723532719908339,225.0,71.0,-524.0,0.3915311907736537,0.1235498424219085,-0.911832639846198,0.6488550707903871,0.7608598151530134,0.008912844378988833,0.0651007810993885,-0.05044001538263613,-0.346273323595675,-69.41919764433442,29.9598499642227,-13.81300767579509,-4096.0,-4096.0,4096.0,-0.06376797065552814,-0.16991006168819375,0.06216072451893969
0.09768557327733367,-0.48499697711850553,0.5344994448367144,0.6852341238063343,-2139926.1535512726,-4381938.20354359,4099351.5438425206,0.54443359375,0.022705078125,0.6396484375,0.011474609375,0.020263671875,0.013427734375,248.15984535064808,418.3822000481896,-137.40196510229973,-0.7287499764140526,0.6282890792560417,0.2723532719908339,248.0,94.0,-523.0,0.42291702449159035,0.16029919476697377,-0.89187743471412,0.6388966097347863,0.7692470645051966,0.008371130122870387,0.059864793343405505,-0.09704030641088472,-0.3466223894460738,-71.8277520120866,16.136842288427605,-13.81300767579509,-4096.0,252.8481893490317,4096.0,-0.06275376126686087,-0.16557654998594337,0.06180544097843449
0.10172092992044768,-0.48200654642472696,0.5307655696059688,0.6896451636462613,-2139926.1535512726,-4381938.20354359,4099351.5438425206,0.531494140625,0.02294921875,0.64306640625,0.011474609375,0.020263671875,0.013671875,248.15984535064808,418.3822000481896,-137.40196510229973,-0.7287499764140526,0.6282890792560417,0.2723532719908339,248.0,129.0,-524.0,0.4175764735004237,0.21720711726433328,-0.8822986778799274,0.6271312793954522,0.7788711568871987,0.008128922008486418,0.04782202150464463,-0.11850785621041497,-0.3373721444105039,-74.96934466567639,16.136842288427605,-13.81300767579509,-4096.0,2405.758966960871,4096.0,-0.0614628104103574,-0.1620942563973874,0.06043051311112745
0.10575456981280801,-0.4807325068697031,0.5258453519117794,0.6936850104155743,-2139926.1535512726,-4381938.20354359,4099351.5438425206,0.517578125,0.02294921875,0.646728515625,0.01171875,0.0205078125,0.013916015625,248.15984535064808,418.3822000481896,-137.40196510229973,-0.7287499764140526,0.6282890792560417,0.2723532719908339,243.0,157.0,-548.0,0.3921385426107093,0.2533570007814048,-0.8843288944471962,0.6144868075197433,0.7888845934643891,0.008189113426965976,0.04328416544945937,-0.13124875974997358,-0.3392920065876977,-77.06373976806958,16.136842288427605,11.319733552923255,-4096.0,3621.118768353275,4096.0,-0.059648061568499576,-0.1592688215465422,0.0583545634892923
0.10975525636876492,-0.4779302113021384,0.5220820651455005,0.6978300753604201,-2139926.1535512726,-4381938.20354359,4099351.5438425206,0.50146484375,0.023193359375,0.649658203125,0.01171875,0.0205078125,0.013671875,248.15984535064808,418.3822000481896,-137.40196510229973,-0.7287499764140526,0.6282890792560417,0.2723532719908339,256.0,123.0,-529.0,0.4263671305388573,0.20485608225109156,-0.8810477033400604,0.5998309662091806,0.8000808140401169,0.008573387980529382,0.017453292519943295,-0.15463617172669758,-0.32864549815053223,-81.98556825869359,16.136842288427605,11.319733552923255,-4096.0,4096.0,4096.0,-0.05831005973860054,-0.15594588553951985,0.05699229999331569
0.11362508708415484,-0.47524120062920355,0.5179085360295157,0.7021437809433301,-2139926.1535512726,-4381938.20354359,4099351.5438425206,0.483642578125,0.0234375,0.65283203125,0.01171875,0.0205078125,0.01318359375,248.15984535064808,418.3822000481896,-137.40196510229973,-0.7287499764140526,0.6282890792560417,0.2723532719908339,239.0,117.0,-506.0,0.4180481575947617,0.2046511901196114,-0.8850726683805415,0.5831136240584128,0.8123376004124095,0.00928032292931161,0.0027925268031909274,-0.14416419621473162,-0.3300417615521277,-84.8130016469244,16.136842288427605,11.319733552923255,-4096.0,4096.0,4096.0,-0.05697296122484495,-0.15261501954466894,0.05538890757514377
0.11817752621370364,-0.4758115523005679,0.511977594614087,0.7053484115020797,-2139926.1535512726,-4381938.20354359,4099351.5438425206,0.464599609375,0.0234375,0.65576171875,0.011962890625,0.0205078125,0.0126953125,248.15984535064808,418.3822000481896,-137.40196510229973,-0.7287499764140526,0.6282890792560417,0.2723532719908339,178.0,129.0,-523.0,0.3137549215372836,0.22738418470960442,-0.9218754155280862,0.565238600297698,0.8248667343580685,0.010009759385460065,-0.011868238913561441,-0.1254891732183923,-0.3288200310757317,-86.59323748395862,16.136842288427605,21.372830044410595,-4096.0,1933.2195020710014,4096.0,-0.05436114292167858,-0.15053640575914204,0.052847232336711784
0.12194774600285842,-0.4756526223122098,0.5057551734574419,0.709291924847149,-2139926.1535512726,-4381938.20354359,4099351.5438425206,0.443603515625,0.02392578125,0.658447265625,0.011962890625,0.0205078125,0.012451171875,248.15984535064808,418.3822000481896,-137.40196510229973,-0.7287499764140526,0.6282890792560417,0.2723532719908339,176.0,135.0,-507.0,0.31803478182264844,0.24394713378441785,-0.9161570135459248,0.5444686319189371,0.8387160775575018,0.010452277401585181,-0.02234021442552742,-0.08691739674931762,-0.3242821750205464,-90.99146719898434,-10.776134777324955,21.372830044410595,-4096.0,-2574.455735503455,4096.0,-0.05227795912750521,-0.14811047051701565,0.05004227014360341
0.1251165906214235,-0.4721270077408638,0.5006453529540235,0.7147000474873851,-2139926.1535512726,-4381938.20354359,4099351.5438425206,0.421630859375,0.0244140625,0.6611328125,0.01220703125,0.0205078125,0.012451171875,248.15984535064808,418.3822000481896,-137.40196510229973,-0.7287499764140526,0.6282890792560417,0.2723532719908339,231.0,128.0,-555.0,0.3758358870895731,0.20825538332236088,-0.9029823261242991,0.5220436166588369,0.8528530627407427,0.010588469176239469,-0.028099800957108706,-0.040491638646268445,-0.32916909692613056,-93.60946107697582,-10.776134777324955,31.111767270538955,-4096.0,-4096.0,4096.0,-0.05140629223806661,-0.1442331551794662,0.047872672772289314
0.12752691843071406,-0.46551655942671094,0.4963826951821222,0.7215507174820185,-2139926.1535512726,-4381938.20354359,4099351.5438425206,0.398193359375,0.024658203125,0.6640625,0.012451171875,0.0205078125,0.012451171875,248.15984535064808,418.3822000481896,-137.40196510229973,-0.7287499764140526,0.6282890792560417,0.2723532719908339,230.0,100.0,-458.0,0.44046756676947035,0.1915076377258567,-0.8771049807844236,0.49730005110666997,0.8675123113749688,0.010726079533673273,-0.027925268031909273,0.0029670597283903604,-0.32812189937493397,-97.69353152664256,-10.776134777324955,37.08079331235956,-4096.0,-4096.0,4096.0,-0.051718942555555446,-0.1390301310437646,0.04616095594970746
0.13095695850700476,-0.4622916245633578,0.4900455090811208,0.7273184501348711,-2139926.1535512726,-4381938.20354359,4099351.5438425206,0.3701171875,0.02490234375,0.6669921875,0.01220703125,0.020263671875,0.012451171875,248.15984535064808,418.3822000481896,-137.40196510229973,-0.7287499764140526,0.6282890792560417,0.2723532719908339,186.0,129.0,-531.0,0.3222268689028701,0.22347992520682927,-0.9199057386420646,0.4663456499020986,0.8845396273249141,0.010553791228336036,-0.034033920413889425,0.0317649923862968,-0.32079151651655774,-101.56816246606996,-22.50474735072685,37.08079331235956,-4096.0,-4096.0,4096.0,-0.05054433021602577,-0.13502131579797252,0.04340789959916579
0.13221327441122124,-0.45693478036117796,0.4823813213069362,0.7355532050232122,-2139926.1535512726,-4381938.20354359,4099351.5438425206,0.3359375,0.025146484375,0.669189453125,0.012451171875,0.020263671875,0.012451171875,248.15984535064808,418.3822000481896,-137.40196510229973,-0.7287499764140526,0.6282890792560417,0.2723532719908339,245.0,205.0,-495.0,0.4158669604806559,0.34797031387156924,-0.8402210017874476,0.42772937021441215,0.9038428954255842,0.01075203444372442,-0.01972222054753592,0.07278022980816354,-0.3209660494417572,-102.8247995275059,-22.50474735072685,43.67813788489812,-4096.0,-4096.0,4096.0,-0.050809644519625226,-0.12985667150183622,0.039640439506862454
0.1331334645667958,-0.45311303090360344,0.4740135909121924,0.7431521899774772,-2139926.1535512726,-4381938.20354359,4099351.5438425206,0.300048828125,0.025390625,0.67138671875,0.012451171875,0.020263671875,0.0126953125,248.15984535064808,418.3822000481896,-137.40196510229973,-0.7287499764140526,0.6282890792560417,0.2723532719908339,211.0,233.0,-517.0,0.34872508113948364,0.38508504220615963,-0.8544590850668864,0.38471517787592274,0.9229744578552138,0.010601040457025427,-0.03490658503988659,0.11833332328521555,-0.2583087292951608,-106.48999095669399,-31.19648702565861,47.76220833456485,-4096.0,-4096.0,4096.0,-0.050769793278059715,-0.125448486676576,0.03541691544258995
0.13399379481806964,-0.4472490734124283,0.4702871896236415,0.7488951118533718,-2139926.1535512726,-4381938.20354359,4099351.5438425206,0.279052734375,0.025146484375,0.673095703125,0.01318359375,0.020263671875,0.01318359375,248.15984535064808,418.3822000481896,-137.40196510229973,-0.7287499764140526,0.6282890792560417,0.2723532719908339,216.0,135.0,-595.0,0.33373016313094517,0.20858135195684072,-0.9193029956616313,0.35907676341141576,0.9332543187510162,0.010012717441279862,-0.07923794804054256,0.16528268016386302,-0.12391837689159739,-110.05046263076241,-31.19648702565861,53.417075111026485,1135.1519560890258,-4096.0,2256.6824283678907,-0.051572974181593234,-0.12119768189614573,0.03381331975928051
0.1350483545726761,-0.4414158000878521,0.4673975257768398,0.7539586104407208,-2139926.1535512726,-4381938.20354359,4099351.5438425206,0.2685546875,0.025634765625,0.674072265625,0.0126953125,0.020263671875,0.01318359375,248.15984535064808,418.3822000481896,-137.40196510229973,-0.7287499764140526,0.6282890792560417,0.2723532719908339,217.0,120.0,-570.0,0.34909799683797554,0.19304958350487125,-0.9169855216481385,0.3447564413731491,0.9386383916380512,0.010048177688262636,-0.07819075048934597,0.13892820845874862,-0.0890117918517108,-112.24957748827526,-38.42215012891514,53.417075111026485,1029.6258128394852,-4096.0,-1179.2559482653662,-0.05232447804926222,-0.11718005262456856,0.032715918626052554
0.13519355008304224,-0.437494902572063,0.4621898876431095,0.759408600161899,-2139926.1535512726,-4381938.20354359,4099351.5438425206,0.259033203125,0.025634765625,0.674072265625,0.01318359375,0.020263671875,0.012939453125,248.15984535064808,418.3822000481896,-137.40196510229973,-0.7287499764140526,0.6282890792560417,0.2723532719908339,216.0,217.0,-490.0,0.3738361651989273,0.3755668881859594,-0.8480542636457148,0.33298413389092535,0.9428745297518147,0.010449292904526945,-0.034033920413889425,0.09913470151327791,-0.08726646259971647,-115.60060965210438,-43.658137884898125,56.558667764616274,-4096.0,-4096.0,-525.165503520418,-0.052843009314255264,-0.11374950220911134,0.030139313478294943
0.13764587435017717,-0.4355578769124029,0.4570240913630241,0.7631984860098568,-2139926.1535512726,-4381938.20354359,4099351.5438425206,0.24951171875,0.025634765625,0.67431640625,0.01318359375,0.020263671875,0.012939453125,248.15984535064808,418.3822000481896,-137.40196510229973,-0.7287499764140526,0.6282890792560417,0.2723532719908339,201.0,250.0,-597.0,0.2965808509855655,0.3688816554546835,-0.8808893932257841,0.32071852595850353,0.9471164321653518,0.0104924272396457,0.01937315469713706,0.06387905062299247,-0.07504915783575616,-118.74220230569418,-49.313004661359756,63.889050622992464,-4096.0,-4096.0,-1077.9966858651578,-0.05180825176086971,-0.11106818959456183,0.02793500980418052
0.14150134826262822,-0.42755489518402184,0.45635549263327685,0.7674072220063334,-2139926.1535512726,-4381938.20354359,4099351.5438425206,0.239013671875,0.025634765625,0.6748046875,0.012939453125,0.020263671875,0.012939453125,248.15984535064808,418.3822000481896,-137.40196510229973,-0.7287499764140526,0.6282890792560417,0.2723532719908339,231.0,105.0,-449.0,0.4479007341517564,0.2035912427962529,-0.8705949334811196,0.30682163703663545,0.9517087620209596,0.010531635138557281,0.07173303225696695,0.041189770347066175,-0.06928957130417489,-121.88379495928396,-49.313004661359756,63.889050622992464,-4096.0,-4096.0,-912.2574915890142,-0.05193515962235915,-0.10612622058050189,0.02869458136683994
0.14488198291132875,-0.42326511409620293,0.452808830415051,0.7712457567565371,-2139926.1535512726,-4381938.20354359,4099351.5438425206,0.229248046875,0.025390625,0.67578125,0.01318359375,0.020263671875,0.01318359375,248.15984535064808,418.3822000481896,-137.40196510229973,-0.7287499764140526,0.6282890792560417,0.2723532719908339,253.0,234.0,-509.0,0.41158838137886394,0.38067858198677534,-0.8280572573985839,0.29404576715166947,0.9557367808977617,0.010212367960956186,0.10454522219446034,-0.01064650843716541,-0.060039326268604934,-124.81594810263444,-58.109464091411176,69.85807666481307,-4096.0,-4096.0,-1366.1682324314293,-0.05115235017684298,-0.10251614578196581,0.027668337270620638
0.1518591631646747,-0.41761895112213127,0.4522726269778287,0.7732933965275723,-2139926.1535512726,-4381938.20354359,4099351.5438425206,0.217529296875,0.025634765625,0.675537109375,0.01318359375,0.020263671875,0.01318359375,248.15984535064808,418.3822000481896,-137.40196510229973,-0.7287499764140526,0.6282890792560417,0.2723532719908339,222.0,87.0,-479.0,0.41490326386572873,0.16259722502846125,-0.8952192044670453,0.27825831454688066,0.9604514088621975,0.010266528144859465,0.13439035240356337,-0.08499753457212385,-0.05969026041820607,-127.74810124598493,-58.109464091411176,70.59111495065069,-4096.0,-4096.0,-668.4151073499422,-0.04926341574108449,-0.09845138050380095,0.028989111840594578
0.15745261694796808,-0.4165197532332938,0.4476709856957954,0.775442233276514,-2139921.799090067,-4381929.286605269,4099343.1458142637,0.206787109375,0.025390625,0.675048828125,0.01318359375,0.020263671875,0.012451171875,248.16155410828193,418.38483444172357,-137.40284382256922,-0.7287499764140526,0.6282890792560417,0.2723532719908339,249.0,266.0,-560.0,0.3726989524682224,0.39814426247609297,-0.8381984473180905,0.264304147719958,0.964372199823427,0.011383220359406,0.14713125594312199,-0.1445132620651305,-0.06091199089460211,-130.6802543893354,-65.858725970266,68.07784082777886,-4096.0,2977.538334572786,149.4980958415249,-0.046603299707094696,-0.09597320235030797,0.027676677522145643
0.16563418453419013,-0.41289579173023316,0.44639448997346903,0.7764111935092669,-2139921.799090067,-4381929.286605269,4099343.1458142637,0.1943359375,0.025146484375,0.674560546875,0.0126953125,0.0205078125,0.011474609375,248.16155410828193,418.38483444172357,-137.40284382256922,-0.7287499764140526,0.6282890792560417,0.2723532719908339,200.0,74.0,-489.0,0.374899478908972,0.13871280719631965,-0.9166292259324367,0.2476399845842119,0.9687619021757554,0.013221759638695296,0.14643312424232427,-0.15707963267948966,-0.061959188445798695,-133.40296802244654,-65.858725970266,68.07784082777886,-4096.0,4096.0,1032.5311389397448,-0.04360472551649751,-0.09265724707891411,0.028753910632466788
0.17292625154690422,-0.4132113139893994,0.4418892296900174,0.7772302298553844,-2139921.799090067,-4381929.286605269,4099343.1458142637,0.179443359375,0.02490234375,0.674560546875,0.012939453125,0.0205078125,0.010498046875,248.16155410828193,418.38483444172357,-137.40284382256922,-0.7287499764140526,0.6282890792560417,0.2723532719908339,187.0,187.0,-653.0,0.26542932699317634,0.26542932699317634,-0.9268735322275088,0.22743211409513714,0.9736825105810768,0.014730990012481236,0.12932889757277982,-0.14748032179352083,-0.06387905062299247,-136.75400018627568,-71.8277520120866,65.25040743954804,-4096.0,3198.538534456646,1906.7275941162682,-0.03981980179773885,-0.09074175307782525,0.02776673704553681
0.1772035235379039,-0.4110115825159537,0.43664676615366843,0.7803896410710656,-2139921.799090067,-4381929.286605269,4099343.1458142637,0.1640625,0.02490234375,0.675048828125,0.0126953125,0.020263671875,0.010009765625,248.16155410828193,418.38483444172357,-137.40284382256922,-0.7287499764140526,0.6282890792560417,0.2723532719908339,238.0,233.0,-485.0,0.4045197876335831,0.39602147276733135,-0.8243365420264193,0.205586921292817,0.9785216095919518,0.015148509989997042,0.11606439525762292,-0.13805554383275148,-0.06894050545377602,-139.37199406426714,-68.6861593584968,66.08816548050532,-4096.0,2275.340171622437,3343.170649169539,-0.03796467545669011,-0.08777488082506917,0.02597320120603869
0.1820625979139339,-0.4067615321831691,0.43314063423583943,0.783445886676677,-2139921.799090067,-4381929.286605269,4099343.1458142637,0.14892578125,0.024658203125,0.67529296875,0.012939453125,0.020263671875,0.010009765625,248.16155410828193,418.38483444172357,-137.40284382256922,-0.7287499764140526,0.6282890792560417,0.2723532719908339,201.0,101.0,-401.0,0.4371600675501853,0.21966749662969512,-0.8721452093911657,0.1843765583734677,0.9827379231183063,0.015213782812741933,0.0645771823237902,-0.13421581947836395,-0.0752236907609556,-141.98998794225864,-66.59176425610362,64.72680866394974,-4096.0,1520.2902246883843,4096.0,-0.036457421574789324,-0.08410899344900034,0.025328046966053286
0.18774581206665122,-0.4058827925179841,0.42833720043271234,0.7851992814023094,-2139921.799090067,-4381929.286605269,4099343.1458142637,0.135009765625,0.024658203125,0.675537109375,0.0126953125,0.020263671875,0.010009765625,248.16155410828193,418.38483444172357,-137.40284382256922,-0.7287499764140526,0.6282890792560417,0.2723532719908339,167.0,91.0,-596.0,0.26694010549946356,0.14545838084102505,-0.9526724723214387,0.16420311603392282,0.9863085398940276,0.015257811666868935,0.007504915783575617,-0.10768681484805014,-0.07644542123735164,-144.7127015753698,-62.612413561556544,65.878725970266,-4096.0,-2083.3256442334664,4096.0,-0.03365973791917977,-0.08177613368334016,0.02398839003900142
0.19157800480628334,-0.40574488266132325,0.4217965498382199,0.7878811006828168,-2139921.799090067,-4381929.286605269,4099343.1458142637,0.12158203125,0.0244140625,0.675537109375,0.012939453125,0.020263671875,0.010009765625,248.16155410828193,418.38483444172357,-137.40284382256922,-0.7287499764140526,0.6282890792560417,0.2723532719908339,153.0,161.0,-660.0,0.21971105254595422,0.2311992121562002,-0.9477731678452928,0.14507814828303073,0.989301744824486,0.015309754341425353,-0.031241393610698498,-0.03874630939427412,-0.08150687606813518,-149.21565104551516,-60.09913943868471,64.41264939859076,-3239.66358988029,-4096.0,4096.0,-0.03139765358533742,-0.07967361657944104,0.021362668157893394
0.19291090184699086,-0.4046611531793237,0.41395163537674007,0.7922618119189409,-2139921.799090067,-4381929.286605269,4099343.1458142637,0.1083984375,0.024169921875,0.676513671875,0.01318359375,0.020263671875,0.009765625,248.16155410828193,418.38483444172357,-137.40284382256922,-0.7287499764140526,0.6282890792560417,0.2723532719908339,180.0,257.0,-681.0,0.2400618905987266,0.34275503268818186,-0.9082341527651823,0.12595131110065694,0.9919122094506807,0.015698279354574633,-0.06562437987498679,0.03700098014227979,-0.09093165402890457,-151.72892516838704,-55.805629478778656,65.66928646002668,1176.668581960723,-4096.0,4096.0,-0.030400795809786437,-0.07712815411253937,0.017652889795792045
0.1926991547185512,-0.40138300470833455,0.4066391057827695,0.7977489310242005,-2139921.799090067,-4381929.286605269,4099343.1458142637,0.096923828125,0.0244140625,0.677734375,0.012939453125,0.020263671875,0.010009765625,248.16155410828193,418.38483444172357,-137.40284382256922,-0.7287499764140526,0.6282890792560417,0.2723532719908339,219.0,256.0,-629.0,0.3069208262833406,0.358775029810663,-0.8815214599644806,0.10841508719486098,0.9939874829347018,0.015331426472000543,-0.0937241808320955,0.08272860654453122,-0.08569566627292158,-154.66107831173747,-55.805629478778656,64.20320988835144,4096.0,-4096.0,4096.0,-0.030666037570331466,-0.07381048768640423,0.014069327135239779
0.19164640028775942,-0.3973134406323282,0.39921446552171463,0.8037670667972512,-2139921.799090067,-4381929.286605269,4099343.1458142637,0.08642578125,0.0244140625,0.6787109375,0.012939453125,0.020263671875,0.010498046875,248.16155410828193,418.38483444172357,-137.40284382256922,-0.7287499764140526,0.6282890792560417,0.2723532719908339,235.0,261.0,-605.0,0.3359299671458443,0.3730966869151717,-0.8648409792478119,0.09273133622000217,0.9955840703619918,0.014603360034646011,-0.12391837689159739,0.09965830028887622,-0.09058258817850572,-156.86019316925035,-52.664036825188866,65.45984694978736,4096.0,-4096.0,4096.0,-0.031479086242556964,-0.07020189395955301,0.010339040106934374
0.19069609806038715,-0.3940937144708973,0.39122787644026585,0.8094849542116976,-2139921.799090067,-4381929.286605269,4099343.1458142637,0.07763671875,0.024169921875,0.679443359375,0.01318359375,0.0205078125,0.01123046875,248.16155410828193,418.38483444172357,-137.40284382256922,-0.7287499764140526,0.6282890792560417,0.2723532719908339,216.0,303.0,-650.0,0.28839376609145373,0.4045523663227337,-0.8678516109233562,0.07998431319918421,0.9966995010071859,0.01387855662816895,-0.12636183784438945,0.11362093430483085,-0.08883725892651137,-161.04898337403674,-47.95164784480417,63.99377037811212,4096.0,-4096.0,4096.0,-0.031979857423381795,-0.06691229848600169,0.006316896420371798
0.190848471832143,-0.39071709120477377,0.38393382423122213,0.8145623573741946,-2139921.799090067,-4381929.286605269,4099343.1458142637,0.069580078125,0.024169921875,0.679931640625,0.012939453125,0.020263671875,0.01171875,248.16155410828193,418.38483444172357,-137.40284382256922,-0.7287499764140526,0.6282890792560417,0.2723532719908339,182.0,265.0,-668.0,0.24550406865645136,0.35746471535142643,-0.9010808673764259,0.06791920457083704,0.9976089617608968,0.012780495483759658,-0.10768681484805014,0.13910274138394807,-0.0825540736193318,-163.2480982315496,-44.181736660496426,65.25040743954804,4096.0,-4096.0,4096.0,-0.032053163509918776,-0.0635794063902467,0.002892120571281614
0.19171934322154255,-0.38510849426190524,0.3782743641802725,0.8196606898504033,-2139921.799090067,-4381929.286605269,4099343.1458142637,0.061767578125,0.0234375,0.680908203125,0.01318359375,0.020263671875,0.011962890625,248.16155410828193,418.38483444172357,-137.40284382256922,-0.7287499764140526,0.6282890792560417,0.2723532719908339,220.0,218.0,-667.0,0.29915696565623334,0.2964373568775403,-0.9069895276941256,0.05730526226529606,0.9982795687616861,0.012410056796306152,-0.0778416846389471,0.158824961931484,-0.08307767239493008,-165.76137235442144,-44.181736660496426,63.889050622992464,4096.0,-4096.0,4096.0,-0.0324428576478442,-0.05941410791193615,0.0005951188118745346
0.19459809272219802,-0.3793639869540461,0.37385094904015526,0.8236807728804821,-2139921.799090067,-4381929.286605269,4099343.1458142637,0.05419921875,0.023193359375,0.68212890625,0.01318359375,0.020263671875,0.011962890625,248.16155410828193,418.38483444172357,-137.40284382256922,-0.7287499764140526,0.6282890792560417,0.2723532719908339,192.0,137.0,-604.0,0.2961041994607188,0.2112826839902004,-0.9314944608035112,0.046297099919173995,0.9988508171538327,0.012394499190959968,-0.034732052114687155,0.1265363707695889,-0.07958701389094142,-169.7407230489685,-38.841029149393776,65.04096792930872,-862.1490775405841,-4096.0,4096.0,-0.03203787769898344,-0.05521121070291727,-0.0006667314043203484
0.19826260492249073,-0.37044518922661157,0.37214787590613746,0.8276280926398997,-2139921.799090067,-4381929.286605269,4099343.1458142637,0.048095703125,0.022705078125,0.681884765625,0.01318359375,0.020263671875,0.01171875,248.16155410828193,418.38483444172357,-137.40284382256922,-0.7287499764140526,0.6282890792560417,0.2723532719908339,221.0,56.0,-426.0,0.45739619142636484,0.11590129737500647,-0.8816777264598706,0.03793962748024681,0.9991984583499617,0.0127681438635446,0.00942477796076938,0.06981317007977318,-0.0752236907609556,-171.20679962064372,-38.841029149393776,63.679611112753136,-4096.0,-4096.0,4096.0,-0.03223013995039893,-0.04993828296591344,-0.00018144267778487513
0.2009012518619999,-0.3629872714250053,0.3689341236137725,0.8317250388301703,-2139921.799090067,-4381929.286605269,4099343.1458142637,0.04345703125,0.0224609375,0.681884765625,0.01318359375,0.020263671875,0.01171875,248.16155410828193,418.38483444172357,-137.40284382256922,-0.7287499764140526,0.6282890792560417,0.2723532719908339,263.0,171.0,-420.0,0.5016946645916713,0.32619691119838706,-0.801185395925863,0.03138029552887857,0.9994259238790512,0.012771050505938953,0.054628805587422516,0.0006981317007977319,-0.0635299847725936,-167.22744892609666,-34.96639820996637,65.878725970266,-4096.0,-4096.0,4096.0,-0.032408899897879796,-0.04522252674011569,-0.0007315508245872831
0.20469565239051718,-0.3585716179913421,0.36426082241447966,0.8347695118518756,-2139921.799090067,-4381929.286605269,4099343.1458142637,0.0390625,0.022705078125,0.68212890625,0.01318359375,0.020263671875,0.011474609375,248.16155410828193,418.38483444172357,-137.40284382256922,-0.7287499764140526,0.6282890792560417,0.2723532719908339,233.0,239.0,-471.0,0.4036176880264388,0.41401127655930847,-0.815896699830269,0.024443139196878714,0.999614946260413,0.013133627031158711,0.10227629416686772,-0.038571776469074684,-0.05969026041820607,-167.22744892609666,-38.841029149393776,67.86840131753954,-4096.0,-4096.0,4096.0,-0.03122337765555145,-0.04156680414089477,-0.001986809339196994
0.21010315686253803,-0.3559172559629936,0.3597374475931901,0.8365216908026387,-2139921.799090067,-4381929.286605269,4099343.1458142637,0.034912109375,0.022216796875,0.68212890625,0.01318359375,0.020263671875,0.01123046875,248.16155410828193,418.38483444172357,-137.40284382256922,-0.7287499764140526,0.6282890792560417,0.2723532719908339,241.0,267.0,-617.0,0.3374479817653136,0.37385315822132253,-0.8639228412829812,0.01897295631274281,0.9997288518637558,0.013499988145605461,0.13456488532876282,-0.07138396640656808,-0.052185344634630454,-171.20679962064372,-38.841029149393776,74.04686686959946,-4096.0,-4096.0,4096.0,-0.02890475013328331,-0.03861930030238783,-0.0029697331722363094
0.21738590602313296,-0.3549984009277743,0.3556995513886409,0.8367779468551644,-2139921.799090067,-4381929.286605269,4099343.1458142637,0.03125,0.022705078125,0.68212890625,0.013427734375,0.020263671875,0.0107421875,248.16155410828193,418.38483444172357,-137.40284382256922,-0.7287499764140526,0.6282890792560417,0.2723532719908339,203.0,201.0,-666.0,0.28012233458596375,0.2773625086294518,-0.9190220435184819,0.012776048278959859,0.9998170353163158,0.014236168082269558,0.15446163880149816,-0.12269664641520137,-0.047647488579445195,-173.19647496791725,-45.0194947014537,78.54981633974484,-4096.0,-394.28876050390073,4096.0,-0.02536992335398588,-0.03640504208646682,-0.003460864837712163
